Workbook

Sheet Resumo
A1: Período | B1: Despesa Liquidada | C1: Despesa Ajustada | D1: Início | E1: Fim | F1: Turno Único
A2: 2010-2011 | B2: =Despesas!B17 -> 1054446 | C2: 1022775.7 | D2: 40483 | E2: 40602 | F2: Não
A3: 2011-2012 | B3: =Despesas!C17 -> 1191583.3 | C3: 1091953.5 | D3: 40848 | E3: 40968 | F3: Não
A4: 2012-2013 | B4: =Despesas!D17 -> 932674.24 | C4: 803863.55 | D4: 41214 | E4: 41333 | F4: Não
A5: 2013-2014 | B5: =Despesas!E17 -> 1106022.6 | C5: 902066.28 | D5: 41579 | E5: 41698 | F5: Sim
A6: 2014-2015 | B6: =Despesas!F17 -> 1448936.5 | C6: 1097444.2 | D6: 41944 | E6: 42063 | F6: Sim
A7: 2015-2016 | B7: =Despesas!G17 -> 1328699.8 | C7: 911819.54 | D7: 42309 | E7: 42429 | F7: Sim
A9: Média Sem Turno Único | B9: =SUMIF($F$2:$F$7,"Não",$C$2:$C$7)/COUNTIF($F$2:$F$7,"Não") -> 983421.02
A10: Média Com Turno Único | B10: =SUMIF($F$2:$F$7,"Sim",$C$2:$C$7)/COUNTIF($F$2:$F$7,"Sim") -> 970443.35
A11: Resultado | B11: =B10-B9 -> -12977.677 | C11: =IF(B11<0,"Economia","") -> Economia

Sheet Despesas
B1: 2010-2011 | C1: 2011-2012 | D1: 2012-2013 | E1: 2013-2014 | F1: 2014-2015 | G1: 2015-2016
A2: Despesas Correntes | B2: =2174331.17+1261877.47 -> 3436208.6 | C2: =2312686.16+1541463.83 -> 3854150 | D2: =2374216.58+1548487.97 -> 3922704.5 | E2: =2814785.95+1656497.1 -> 4471283 | F2: =3303601.99+1869959.13 -> 5173561.1 | G2: =3270610.46+2014324.33 -> 5284934.8
A3: (-) Pessoal e Encargos | B3: =1142237.38+851298.21 -> 1993535.6 | C3: =1384942.07+1118634.86 -> 2503576.9 | D3: =1588324.1+1217311.21 -> 2805635.3 | E3: =1810492.51+1396702.78 -> 3207195.3 | F3: =1978674.82+1520433.22 -> 3499108 | G3: =2041945.27+1599601.44 -> 3641546.7
A4: (+) Outras Despesas Variáveis | B4: =38632.72+26083.16 -> 64715.88 | C4: =33043.77+30210.48 -> 63254.25 | D4: =39023.5+28474.82 -> 67498.32 | E4: =38243.24+38703.01 -> 76946.25 | F4: =37812.48+26943.91 -> 64756.39 | G4: =5552.71+12299.06 -> 17851.77
A5: (-) Juros e Encargos da Dívida | B5: =5110.24+6021.36 -> 11131.6 | C5: =2708.67+2667.11 -> 5375.78 | D5: =1708.81+1405.17 -> 3113.98 | E5: =623.94+265.17 -> 889.11
A6: (-) Transferências a Instituições Privadas | B6: =18919.38+8000 -> 26919.38 | C6: =8516.8 -> 8516.8 | D6: =33000 -> 33000 | E6: =35454.56 -> 35454.56 | F6: =23636.36 -> 23636.36 | G6: =29177.2+12000 -> 41177.2
A7: (-) Transferências a Consórcios Públicos – Outras | B7: =59238.29+47844.88-257.94-26356.77-31755.94-134.76-26077.32-16973.24 -> 5527.2 | C7: =54524.93+54483.04-404.28-17608.59-35236.02-114.42-51531.9-457.38 -> 3655.38 | D7: =25393.34+3358.56 -> 28751.9 | E7: =8331.3+2722.41 -> 11053.71 | F7: =32379.06+13938.52 -> 46317.58 | G7: =27902.36+3732.5 -> 31634.86
A8: (-) Diárias | B8: =24517.14+25518.49 -> 50035.63 | C8: =24812.09+31308.56 -> 56120.65 | D8: =19882.18+15909.95 -> 35792.13 | E8: =12540.3+18788.76 -> 31329.06 | F8: =18130.4+9979.19 -> 28109.59 | G8: =13184.21+10959.91 -> 24144.12
A9: (-) Premiações | B9: =4950 -> 4950 | C9: =4950 -> 4950 | D9: =3599.96 -> 3599.96 | E9: =1292 -> 1292 | F9: =3093.8 -> 3093.8
A10: (-) Passagens e Despesas com Locomoção | B10: =6233.7+5297 -> 11530.7 | C10: =15694.05+4955.6 -> 20649.65 | D10: =712.51+14350.45 -> 15062.96 | E10: =1080.49+13088.55 -> 14169.04 | F10: =5114.87+8375.45 -> 13490.32 | G10: =-2092.13+23823.3 -> 21731.17
A11: (-) Serviços de Consultoria | B11: =3110.02+2122.9 -> 5232.92 | C11: =2336.43 -> 2336.43 | F11: =5367.71 -> 5367.71 | G11: =15792.41+6982.08 -> 22774.49
A12: (-) Auxílio-Alimentação | B12: =45491.02+12971 -> 58462.02 | C12: =52112.92+11761.25 -> 63874.17 | D12: =57436.68+19093 -> 76529.68 | E12: =69560.7 -> 69560.7 | F12: =63140 -> 63140 | G12: =72450+56839.42 -> 129289.42
A13: (-) Obrigações Tributárias e Contributivas | B13: =27750.77+13446.38 -> 41197.15 | C13: =32399.93+18196.32 -> 50596.25 | D13: =32883.98+19988.2 -> 52872.18 | E13: =39546.35+23214.87 -> 62761.22 | F13: =41862.2+23761.64 -> 65623.84 | G13: =31160.27+22539.09 -> 53699.36
A14: (-) Despesas de Exercícios Anteriores | E14: =1687 -> 1687 | F14: =40807.5 -> 40807.5
A15: (-) Sentenças Judiciais | B15: =236487.51 -> 236487.51 | E15: =5491.72 -> 5491.72
A16: (-) Indenizações | B16: =962+506.8 -> 1468.8 | C16: =3482.2+2686.73 -> 6168.93 | D16: =2473.78+696.75 -> 3170.53 | E16: =1199.25+124 -> 1323.25 | F16: =512.58+173.65 -> 686.23 | G16: =6544.48+1545 -> 8089.48
A17: (=) Total Líquido | B17: =B2-SUM(B3,B5:B16)+B4 -> 1054446 | C17: =C2-SUM(C3,C5:C16)+C4 -> 1191583.3 | D17: =D2-SUM(D3,D5:D16)+D4 -> 932674.24 | E17: =E2-SUM(E3,E5:E16)+E4 -> 1106022.6 | F17: =F2-SUM(F3,F5:F16)+F4 -> 1448936.5 | G17: =G2-SUM(G3,G5:G16)+G4 -> 1328699.8
