Workbook

Sheet Receitas
A1: Código | B1: Receita | C1: Fonte | D1: Previsto Anual
A2: 11120200000000 | B2: IPTU | C2: 0 | D2: 200000
A3: 11130501000000 | B3: ISS | C3: 0 | D3: 120000

Sheet Arrecadação
A1: Código | B1: Receita | C1: Fonte | D1: Ano | E1: Janeiro | F1: Fevereiro | G1: Março | H1: Abril | I1: Maio | J1: Junho | K1: Julho | L1: Agosto | M1: Setembro | N1: Outubro | O1: Novembro | P1: Dezembro | Q1: Total
A2: 11120200000000 | B2: =VLOOKUP($A2,Receitas!$A:$C,2,FALSE) -> IPTU | C2: =VLOOKUP($A2,Receitas!$A:$C,3,FALSE) -> 0 | D2: 2015 | E2: 0 | F2: 0 | G2: 25482.34 | H2: 33668.35 | I2: 48544.55 | J2: 100713.51 | K2: 6739.82 | L2: 7925.61 | M2: 2448.72 | N2: 1897.09 | O2: 1430.11 | P2: 5947.21 | Q2: =SUM(E2:P2) -> 234797.31
A3: 11130501000000 | B3: =VLOOKUP($A3,Receitas!$A:$C,2,FALSE) -> ISS | C3: =VLOOKUP($A3,Receitas!$A:$C,3,FALSE) -> 0 | D3: 2015 | E3: 12234.53 | F3: 10885.36 | G3: 11751.32 | H3: 13731.62 | I3: 15904.36 | J3: 17385.01 | K3: 19428.18 | L3: 13137.67 | M3: 18569.5 | N3: 21473.19 | O3: 17470.92 | P3: 21142.91 | Q3: =SUM(E3:P3) -> 193114.57
A4: 11120200000000 | B4: =VLOOKUP($A4,Receitas!$A:$C,2,FALSE) -> IPTU | C4: =VLOOKUP($A4,Receitas!$A:$C,3,FALSE) -> 0 | D4: 2014 | E4: 0 | F4: 0 | G4: 246.85 | H4: 35332.96 | I4: 39541.49 | J4: 119672.44 | K4: 5045.52 | L4: 8829.69 | M4: 3567.75 | N4: 6997.36 | O4: 1466.87 | P4: 3309.49 | Q4: =SUM(E4:P4) -> 224010.42
A5: 11130501000000 | B5: =VLOOKUP($A5,Receitas!$A:$C,2,FALSE) -> ISS | C5: =VLOOKUP($A5,Receitas!$A:$C,3,FALSE) -> 0 | D5: 2014 | E5: 9245.38 | F5: 7669.23 | G5: 9326.26 | H5: 8767.47 | I5: 11088.89 | J5: 12049.99 | K5: 17990.6 | L5: 13262.62 | M5: 18800.66 | N5: 15910.25 | O5: 14612.09 | P5: 19664.7 | Q5: =SUM(E5:P5) -> 158388.14
A6: 11120200000000 | B6: =VLOOKUP($A6,Receitas!$A:$C,2,FALSE) -> IPTU | C6: =VLOOKUP($A6,Receitas!$A:$C,3,FALSE) -> 0 | D6: 2013 | E6: 0 | F6: 17742.36 | G6: 34448.32 | H6: 68713.46 | I6: 9004.69 | J6: 14103.3 | K6: 26331.4 | L6: 15925.06 | M6: 3458.24 | N6: 5241.21 | O6: 1704.79 | P6: 6323.11 | Q6: =SUM(E6:P6) -> 202995.94
A7: 11130501000000 | B7: =VLOOKUP($A7,Receitas!$A:$C,2,FALSE) -> ISS | C7: =VLOOKUP($A7,Receitas!$A:$C,3,FALSE) -> 0 | D7: 2013 | E7: 7554.18 | F7: 7053.23 | G7: 9452.75 | H7: 10831.91 | I7: 10316.79 | J7: 9154.25 | K7: 10393.77 | L7: 12695.48 | M7: 12110.52 | N7: 11602.08 | O7: 11610.04 | P7: 12999.49 | Q7: =SUM(E7:P7) -> 125774.49

Sheet Sazonalidade
A1: Código | B1: Receita | C1: Fonte | D1: Ano | E1: Janeiro | F1: Fevereiro | G1: Março | H1: Abril | I1: Maio | J1: Junho | K1: Julho | L1: Agosto | M1: Setembro | N1: Outubro | O1: Novembro | P1: Dezembro | Q1: Total
A2: 11120200000000 | B2: =VLOOKUP($A2,Receitas!$A:$C,2,FALSE) -> IPTU | C2: =VLOOKUP($A2,Receitas!$A:$C,3,FALSE) -> 0 | D2: 2015 | E2: =Arrecadação!E2/Arrecadação!$Q2 -> 0 | F2: =Arrecadação!F2/Arrecadação!$Q2 -> 0 | G2: =Arrecadação!G2/Arrecadação!$Q2 -> 0.1085291 | H2: =Arrecadação!H2/Arrecadação!$Q2 -> 0.14339325 | I2: =Arrecadação!I2/Arrecadação!$Q2 -> 0.20675088 | J2: =Arrecadação!J2/Arrecadação!$Q2 -> 0.42893809 | K2: =Arrecadação!K2/Arrecadação!$Q2 -> 0.028704843 | L2: =Arrecadação!L2/Arrecadação!$Q2 -> 0.033755114 | ... Q2: =Arrecadação!Q2/Arrecadação!$Q2 -> 1
A3: 11130501000000 | B3: =VLOOKUP($A3,Receitas!$A:$C,2,FALSE) -> ISS | C3: =VLOOKUP($A3,Receitas!$A:$C,3,FALSE) -> 0 | D3: 2015 | E3: =Arrecadação!E3/Arrecadação!$Q3 -> 0.063353739 | F3: =Arrecadação!F3/Arrecadação!$Q3 -> 0.056367368 | G3: =Arrecadação!G3/Arrecadação!$Q3 -> 0.060851545 | H3: =Arrecadação!H3/Arrecadação!$Q3 -> 0.07110608 | I3: =Arrecadação!I3/Arrecadação!$Q3 -> 0.082357121 | J3: =Arrecadação!J3/Arrecadação!$Q3 -> 0.090024331 | K3: =Arrecadação!K3/Arrecadação!$Q3 -> 0.10060442 | L3: =Arrecadação!L3/Arrecadação!$Q3 -> 0.068030444 | ... Q3: =Arrecadação!Q3/Arrecadação!$Q3 -> 1
A4: 11120200000000 | B4: =VLOOKUP($A4,Receitas!$A:$C,2,FALSE) -> IPTU | C4: =VLOOKUP($A4,Receitas!$A:$C,3,FALSE) -> 0 | D4: 2014 | E4: =Arrecadação!E4/Arrecadação!$Q4 -> 0 | F4: =Arrecadação!F4/Arrecadação!$Q4 -> 0 | G4: =Arrecadação!G4/Arrecadação!$Q4 -> 0.0011019577 | H4: =Arrecadação!H4/Arrecadação!$Q4 -> 0.15772909 | I4: =Arrecadação!I4/Arrecadação!$Q4 -> 0.1765163 | J4: =Arrecadação!J4/Arrecadação!$Q4 -> 0.53422711 | K4: =Arrecadação!K4/Arrecadação!$Q4 -> 0.022523595 | L4: =Arrecadação!L4/Arrecadação!$Q4 -> 0.039416425 | ... Q4: =Arrecadação!Q4/Arrecadação!$Q4 -> 1
A5: 11130501000000 | B5: =VLOOKUP($A5,Receitas!$A:$C,2,FALSE) -> ISS | C5: =VLOOKUP($A5,Receitas!$A:$C,3,FALSE) -> 0 | D5: 2014 | E5: =Arrecadação!E5/Arrecadação!$Q5 -> 0.058371668 | F5: =Arrecadação!F5/Arrecadação!$Q5 -> 0.048420481 | G5: =Arrecadação!G5/Arrecadação!$Q5 -> 0.058882313 | H5: =Arrecadação!H5/Arrecadação!$Q5 -> 0.055354334 | I5: =Arrecadação!I5/Arrecadação!$Q5 -> 0.070010861 | J5: =Arrecadação!J5/Arrecadação!$Q5 -> 0.076078866 | K5: =Arrecadação!K5/Arrecadação!$Q5 -> 0.11358552 | L5: =Arrecadação!L5/Arrecadação!$Q5 -> 0.083734931 | ... Q5: =Arrecadação!Q5/Arrecadação!$Q5 -> 1
A6: 11120200000000 | B6: =VLOOKUP($A6,Receitas!$A:$C,2,FALSE) -> IPTU | C6: =VLOOKUP($A6,Receitas!$A:$C,3,FALSE) -> 0 | D6: 2013 | E6: =Arrecadação!E6/Arrecadação!$Q6 -> 0 | F6: =Arrecadação!F6/Arrecadação!$Q6 -> 0.087402536 | G6: =Arrecadação!G6/Arrecadação!$Q6 -> 0.16969955 | H6: =Arrecadação!H6/Arrecadação!$Q6 -> 0.33849672 | I6: =Arrecadação!I6/Arrecadação!$Q6 -> 0.044358966 | J6: =Arrecadação!J6/Arrecadação!$Q6 -> 0.069475774 | K6: =Arrecadação!K6/Arrecadação!$Q6 -> 0.12971392 | L6: =Arrecadação!L6/Arrecadação!$Q6 -> 0.07845014 | ... Q6: =Arrecadação!Q6/Arrecadação!$Q6 -> 1
A7: 11130501000000 | B7: =VLOOKUP($A7,Receitas!$A:$C,2,FALSE) -> ISS | C7: =VLOOKUP($A7,Receitas!$A:$C,3,FALSE) -> 0 | D7: 2013 | E7: =Arrecadação!E7/Arrecadação!$Q7 -> 0.060061305 | F7: =Arrecadação!F7/Arrecadação!$Q7 -> 0.056078383 | G7: =Arrecadação!G7/Arrecadação!$Q7 -> 0.075156337 | H7: =Arrecadação!H7/Arrecadação!$Q7 -> 0.086121677 | I7: =Arrecadação!I7/Arrecadação!$Q7 -> 0.082026093 | J7: =Arrecadação!J7/Arrecadação!$Q7 -> 0.072783042 | K7: =Arrecadação!K7/Arrecadação!$Q7 -> 0.082638141 | L7: =Arrecadação!L7/Arrecadação!$Q7 -> 0.10093843 | ... Q7: =Arrecadação!Q7/Arrecadação!$Q7 -> 1

Sheet Sazonalidade Média
A1: Código | B1: Receita | C1: Fonte | D1: Janeiro | E1: Fevereiro | F1: Março | G1: Abril | H1: Maio | I1: Junho | J1: Julho | K1: Agosto | L1: Setembro | M1: Outubro | N1: Novembro | O1: Dezembro | P1: Total
A2: 11120200000000 | B2: =VLOOKUP($A2,Receitas!$A:$C,2,FALSE) -> IPTU | C2: =VLOOKUP($A2,Receitas!$A:$C,3,FALSE) -> 0 | D2: =IF(ISERR(SUMIF(Sazonalidade!$A:$A,$A2,Sazonalidade!E:E)/COUNTIFS(Sazonalidade!E:E,"<>0",Sazonalidade!$A:$A,$A2)),0,SUMIF(Sazonalidade!$A:$A,$A2,Sazonalidade!E:E)/COUNTIFS(Sazonalidade!E:E,"<>0",Sazonalidade!$A:$A,$A2)) -> 0 | E2: =SUMIF(Sazonalidade!$A:$A,$A2,Sazonalidade!F:F)/COUNTIFS(Sazonalidade!F:F,"<>0",Sazonalidade!$A:$A,$A2) -> 0.087402536 | F2: =SUMIF(Sazonalidade!$A:$A,$A2,Sazonalidade!G:G)/COUNTIFS(Sazonalidade!G:G,"<>0",Sazonalidade!$A:$A,$A2) -> 0.093110202 | G2: =SUMIF(Sazonalidade!$A:$A,$A2,Sazonalidade!H:H)/COUNTIFS(Sazonalidade!H:H,"<>0",Sazonalidade!$A:$A,$A2) -> 0.21320635 | H2: =SUMIF(Sazonalidade!$A:$A,$A2,Sazonalidade!I:I)/COUNTIFS(Sazonalidade!I:I,"<>0",Sazonalidade!$A:$A,$A2) -> 0.14254205 | I2: =SUMIF(Sazonalidade!$A:$A,$A2,Sazonalidade!J:J)/COUNTIFS(Sazonalidade!J:J,"<>0",Sazonalidade!$A:$A,$A2) -> 0.34421366 | J2: =SUMIF(Sazonalidade!$A:$A,$A2,Sazonalidade!K:K)/COUNTIFS(Sazonalidade!K:K,"<>0",Sazonalidade!$A:$A,$A2) -> 0.060314121 | K2: =SUMIF(Sazonalidade!$A:$A,$A2,Sazonalidade!L:L)/COUNTIFS(Sazonalidade!L:L,"<>0",Sazonalidade!$A:$A,$A2) -> 0.05054056 | L2: =SUMIF(Sazonalidade!$A:$A,$A2,Sazonalidade!M:M)/COUNTIFS(Sazonalidade!M:M,"<>0",Sazonalidade!$A:$A,$A2) -> 0.014463934 | M2: =SUMIF(Sazonalidade!$A:$A,$A2,Sazonalidade!N:N)/COUNTIFS(Sazonalidade!N:N,"<>0",Sazonalidade!$A:$A,$A2) -> 0.021711913 | N2: =SUMIF(Sazonalidade!$A:$A,$A2,Sazonalidade!O:O)/COUNTIFS(Sazonalidade!O:O,"<>0",Sazonalidade!$A:$A,$A2) -> 0.0070123994 | O2: =SUMIF(Sazonalidade!$A:$A,$A2,Sazonalidade!P:P)/COUNTIFS(Sazonalidade!P:P,"<>0",Sazonalidade!$A:$A,$A2) -> 0.023750631 | P2: =SUM(D2:O2) -> 1.0582684
A3: 11130501000000 | B3: =VLOOKUP($A3,Receitas!$A:$C,2,FALSE) -> ISS | C3: =VLOOKUP($A3,Receitas!$A:$C,3,FALSE) -> 0 | D3: =IF(ISERR(SUMIF(Sazonalidade!$A:$A,$A3,Sazonalidade!E:E)/COUNTIFS(Sazonalidade!E:E,"<>0",Sazonalidade!$A:$A,$A3)),0,SUMIF(Sazonalidade!$A:$A,$A3,Sazonalidade!E:E)/COUNTIFS(Sazonalidade!E:E,"<>0",Sazonalidade!$A:$A,$A3)) -> 0.060595571 | E3: =SUMIF(Sazonalidade!$A:$A,$A3,Sazonalidade!F:F)/COUNTIFS(Sazonalidade!F:F,"<>0",Sazonalidade!$A:$A,$A3) -> 0.053622077 | F3: =SUMIF(Sazonalidade!$A:$A,$A3,Sazonalidade!G:G)/COUNTIFS(Sazonalidade!G:G,"<>0",Sazonalidade!$A:$A,$A3) -> 0.064963398 | G3: =SUMIF(Sazonalidade!$A:$A,$A3,Sazonalidade!H:H)/COUNTIFS(Sazonalidade!H:H,"<>0",Sazonalidade!$A:$A,$A3) -> 0.070860697 | H3: =SUMIF(Sazonalidade!$A:$A,$A3,Sazonalidade!I:I)/COUNTIFS(Sazonalidade!I:I,"<>0",Sazonalidade!$A:$A,$A3) -> 0.078131358 | I3: =SUMIF(Sazonalidade!$A:$A,$A3,Sazonalidade!J:J)/COUNTIFS(Sazonalidade!J:J,"<>0",Sazonalidade!$A:$A,$A3) -> 0.079628746 | J3: =SUMIF(Sazonalidade!$A:$A,$A3,Sazonalidade!K:K)/COUNTIFS(Sazonalidade!K:K,"<>0",Sazonalidade!$A:$A,$A3) -> 0.098942696 | K3: =SUMIF(Sazonalidade!$A:$A,$A3,Sazonalidade!L:L)/COUNTIFS(Sazonalidade!L:L,"<>0",Sazonalidade!$A:$A,$A3) -> 0.084234603 | L3: =SUMIF(Sazonalidade!$A:$A,$A3,Sazonalidade!M:M)/COUNTIFS(Sazonalidade!M:M,"<>0",Sazonalidade!$A:$A,$A3) -> 0.10371515 | M3: =SUMIF(Sazonalidade!$A:$A,$A3,Sazonalidade!N:N)/COUNTIFS(Sazonalidade!N:N,"<>0",Sazonalidade!$A:$A,$A3) -> 0.10129672 | N3: =SUMIF(Sazonalidade!$A:$A,$A3,Sazonalidade!O:O)/COUNTIFS(Sazonalidade!O:O,"<>0",Sazonalidade!$A:$A,$A3) -> 0.091677511 | O3: =SUMIF(Sazonalidade!$A:$A,$A3,Sazonalidade!P:P)/COUNTIFS(Sazonalidade!P:P,"<>0",Sazonalidade!$A:$A,$A3) -> 0.11233148 | P3: =SUM(D3:O3) -> 1

Sheet Sazonalidade Corrigida
A1: Código | B1: Receita | C1: Fonte | D1: Janeiro | E1: Fevereiro | F1: Março | G1: Abril | H1: Maio | I1: Junho | J1: Julho | K1: Agosto | L1: Setembro | M1: Outubro | N1: Novembro | O1: Dezembro | P1: Total
A2: 11120200000000 | B2: =VLOOKUP($A2,Receitas!$A:$C,2,FALSE) -> IPTU | C2: =VLOOKUP($A2,Receitas!$A:$C,3,FALSE) -> 0 | D2: ='Sazonalidade Média'!D2*1/'Sazonalidade Média'!$P2 -> 0 | E2: ='Sazonalidade Média'!E2*1/'Sazonalidade Média'!$P2 -> 0.082590144 | F2: ='Sazonalidade Média'!F2*1/'Sazonalidade Média'!$P2 -> 0.087983545 | G2: ='Sazonalidade Média'!G2*1/'Sazonalidade Média'!$P2 -> 0.20146719 | H2: ='Sazonalidade Média'!H2*1/'Sazonalidade Média'!$P2 -> 0.13469367 | I2: ='Sazonalidade Média'!I2*1/'Sazonalidade Média'!$P2 -> 0.32526122 | J2: ='Sazonalidade Média'!J2*1/'Sazonalidade Média'!$P2 -> 0.05699322 | K2: ='Sazonalidade Média'!K2*1/'Sazonalidade Média'!$P2 -> 0.047757792 | ... O2: ='Sazonalidade Média'!O2*1/'Sazonalidade Média'!$P2 -> 0.022442919 | P2: =SUM(D2:O2) -> 1
A3: 11130501000000 | B3: =VLOOKUP($A3,Receitas!$A:$C,2,FALSE) -> ISS | C3: =VLOOKUP($A3,Receitas!$A:$C,3,FALSE) -> 0 | D3: ='Sazonalidade Média'!D3*1/'Sazonalidade Média'!$P3 -> 0.060595571 | E3: ='Sazonalidade Média'!E3*1/'Sazonalidade Média'!$P3 -> 0.053622077 | F3: ='Sazonalidade Média'!F3*1/'Sazonalidade Média'!$P3 -> 0.064963398 | G3: ='Sazonalidade Média'!G3*1/'Sazonalidade Média'!$P3 -> 0.070860697 | H3: ='Sazonalidade Média'!H3*1/'Sazonalidade Média'!$P3 -> 0.078131358 | I3: ='Sazonalidade Média'!I3*1/'Sazonalidade Média'!$P3 -> 0.079628746 | J3: ='Sazonalidade Média'!J3*1/'Sazonalidade Média'!$P3 -> 0.098942696 | K3: ='Sazonalidade Média'!K3*1/'Sazonalidade Média'!$P3 -> 0.084234603 | ... O3: ='Sazonalidade Média'!O3*1/'Sazonalidade Média'!$P3 -> 0.11233148 | P3: =SUM(D3:O3) -> 1

Sheet Previsão Mensal
A1: Código | B1: Receita | C1: Fonte | D1: Janeiro | E1: Fevereiro | F1: Março | G1: Abril | H1: Maio | I1: Junho | J1: Julho | K1: Agosto | L1: Setembro | M1: Outubro | N1: Novembro | O1: Dezembro | P1: Total
A2: 11120200000000 | B2: =VLOOKUP($A2,Receitas!$A:$C,2,FALSE) -> IPTU | C2: =VLOOKUP($A2,Receitas!$A:$C,3,FALSE) -> 0 | D2: =$P2*'Sazonalidade Corrigida'!D2 -> 0 | E2: =$P2*'Sazonalidade Corrigida'!E2 -> 16518.029 | F2: =$P2*'Sazonalidade Corrigida'!F2 -> 17596.709 | G2: =$P2*'Sazonalidade Corrigida'!G2 -> 40293.439 | H2: =$P2*'Sazonalidade Corrigida'!H2 -> 26938.734 | I2: =$P2*'Sazonalidade Corrigida'!I2 -> 65052.244 | J2: =$P2*'Sazonalidade Corrigida'!J2 -> 11398.644 | K2: =$P2*'Sazonalidade Corrigida'!K2 -> 9551.5584 | ... N2: =$P2*'Sazonalidade Corrigida'!N2 -> 1325.2592 | O2: =P2-SUM(D2:N2) -> 4488.5838 | P2: =VLOOKUP($A2,Receitas!$A:$D,4,FALSE) -> 200000
A3: 11130501000000 | B3: =VLOOKUP($A3,Receitas!$A:$C,2,FALSE) -> ISS | C3: =VLOOKUP($A3,Receitas!$A:$C,3,FALSE) -> 0 | D3: =$P3*'Sazonalidade Corrigida'!D3 -> 7271.4685 | E3: =$P3*'Sazonalidade Corrigida'!E3 -> 6434.6493 | F3: =$P3*'Sazonalidade Corrigida'!F3 -> 7795.6078 | G3: =$P3*'Sazonalidade Corrigida'!G3 -> 8503.2836 | H3: =$P3*'Sazonalidade Corrigida'!H3 -> 9375.763 | I3: =$P3*'Sazonalidade Corrigida'!I3 -> 9555.4495 | J3: =$P3*'Sazonalidade Corrigida'!J3 -> 11873.124 | K3: =$P3*'Sazonalidade Corrigida'!K3 -> 10108.152 | ... N3: =$P3*'Sazonalidade Corrigida'!N3 -> 11001.301 | O3: =P3-SUM(D3:N3) -> 13479.777 | P3: =VLOOKUP($A3,Receitas!$A:$D,4,FALSE) -> 120000
